name,email,age,referred_by
Joy Marsh,joymarsh@hotmail.com,37,google
Dawn Ramirez,dawnramirez@yahoo.com,37,leaflet
Kelly Gray,kellygray@hotmail.com,44,email
Paul Blevins,paulblevins@google.co.uk,52,email
Angela Hanson,angelahanson@hotmail.com,34,leaflet
Jordan Kennedy,jordankennedy@hotmail.com,25,leaflet
Pamela Peterson,pamelapeterson@yahoo.com,38,radio
Larry Lindsey,larrylindsey@yahoo.com,30,email
Zachary Jones,zacharyjones@yahoo.com,35,radi
Patrick Anderson,patrickanderson@hotmail.com,19,google
Michael Tran,michaeltran@yahoo.com,25,tv
Shannon Collins,shannoncollins@yahoo.com,21,email
Clayton Perez,claytonperez@hotmail.com,34,email
Mr. Jerome Lewis Jr.,mr.jeromelewisjr.@hotmail.com,23,radio
Joseph Lynch,josephlynch@google.co.uk,43,email
Jerry Johnson,jerryjohnson@hotmail.com,30,email
Anthony Williams,anthonywilliams@google.co.uk,27,google
Teresa Williams DVM,teresawilliamsdvm@google.co.uk,51,google
William Lewis,williamlewis@yahoo.com,29,email
Ryan Gray,ryangray@yahoo.com,41,google
Allen Jefferson,allenjefferson@yahoo.com,55,radio
Grant Shaw,grantshaw@yahoo.com,47,tv
Nancy Stewart,nancystewart@hotmail.com,33,radio
Michele Fitzgerald,michelefitzgerald@yahoo.com,35,radio
Brent Alexander,brentalexander@google.co.uk,29,tv
Dylan Bennett,dylanbennett@yahoo.com,54,google
Nicholas Mathews,nicholasmathews@google.co.uk,39,email
Courtney Mullins,courtneymullins@google.co.uk,52,tv
Jennifer Rivera,jenniferrivera@hotmail.com,25,tv
Bradley Grant,bradleygrant@hotmail.com,26,email
Kevin Johnson,kevinjohnson@google.co.uk,32,google
Ryan Martinez,ryanmartinez@google.co.uk,46,leaflet
Jeffery Johnston,jefferyjohnston@google.co.uk,35,leaflet
Stephanie Hernandez,stephaniehernandez@hotmail.com,26,google
Ricardo Graham,ricardograham@yahoo.com,31,radio
Gilbert Rodriguez,gilbertrodriguez@hotmail.com,35,tv
Jonathan Young,jonathanyoung@google.co.uk,39,email
Noah Ballard,noahballard@hotmail.com,51,email
Michael Hayes,michaelhayes@google.co.uk,39,google
John Wilson,johnwilson@hotmail.com,36,leaflet
Amy Cisneros,amycisneros@hotmail.com,51,tv
Christina Johnson,christinajohnson@google.co.uk,55,email
Pamela Norton,pamelanorton@yahoo.com,21,leaflet
George Reed,georgereed@google.co.uk,25,google
Dawn Smith,dawnsmith@hotmail.com,21,radio
Bradley Jones,bradleyjones@hotmail.com,36,google
John Johnson,johnjohnson@yahoo.com,52,email
Kelly Fitzpatrick,kellyfitzpatrick@hotmail.com,21,google
Christopher Gardner,christophergardner@yahoo.com,18,radio
Randy Archer,randyarcher@yahoo.com,39,radio
